loan_id,loan_product,loan_amount,outstanding,risk_band,state_code,city,pincode,borrower_segment,pd_at_origination,lgd,disbursed_at,status,tenure_months,cibil_score_band
LOAN-2020-00001,HOME,3192339,2974747.2,VERY_HIGH,Rajasthan,Udaipur,313001,SALARIED,0.202134,0.25,2024-08-14,ACTIVE,360,300-549
LOAN-2020-00002,PERSONAL,336957,240643.42,HIGH,Maharashtra,Pune,411014,SALARIED,0.141185,0.65,2024-09-01,CLOSED,36,550-649
LOAN-2020-00003,HOME,3409446,3204741.87,LOW,Telangana,Hyderabad,500084,SALARIED,0.011757,0.25,2023-07-21,CLOSED,360,750-900
LOAN-2020-00004,PERSONAL,2500000,1714155.34,LOW,Maharashtra,Pune,411001,SALARIED,0.028005,0.65,2024-05-04,ACTIVE,36,750-900
LOAN-2020-00005,AUTO,7604783,4950321.65,MEDIUM,Maharashtra,Mumbai,400051,SELF_EMPLOYED,0.033819,0.4,2022-10-13,ACTIVE,84,650-749
LOAN-2020-00006,PERSONAL,1715144,0.0,MEDIUM,Telangana,Hyderabad,500001,SALARIED,0.030782,0.65,2021-06-04,ACTIVE,12,650-749
LOAN-2020-00007,HOME,8117335,5933391.97,HIGH,Gujarat,Vadodara,390001,SELF_EMPLOYED,0.119503,0.25,2022-02-18,ACTIVE,192,550-649
LOAN-2020-00008,HOME,5172365,3080045.76,LOW,Gujarat,Bhavnagar,364001,SELF_EMPLOYED,0.015826,0.25,2021-05-17,ACTIVE,120,750-900
LOAN-2020-00009,AUTO,717862,225914.3,LOW,Maharashtra,Navi Mumbai,400101,SALARIED,0.007787,0.4,2020-08-18,ACTIVE,84,750-900
LOAN-2020-00010,HOME,3445735,3358538.89,LOW,Karnataka,Belgaum,590001,SELF_EMPLOYED,0.007799,0.25,2024-12-26,ACTIVE,252,750-900
LOAN-2020-00011,HOME,7027991,5912746.27,LOW,Uttar Pradesh,Lucknow,226001,SALARIED,0.00747,0.25,2023-12-05,ACTIVE,192,750-900
LOAN-2020-00012,HOME,2745538,2513807.62,LOW,Kerala,Malappuram,676501,SALARIED,0.008703,0.25,2023-11-10,ACTIVE,348,750-900
LOAN-2020-00013,EDUCATION,1532489,722117.7,LOW,Kerala,Kochi,682020,SALARIED,0.015619,0.55,2021-12-30,ACTIVE,72,750-900
LOAN-2020-00014,PERSONAL,2228219,0.0,MEDIUM,Karnataka,Mysore,570001,SELF_EMPLOYED,0.037536,0.65,2020-07-05,ACTIVE,12,650-749
LOAN-2020-00015,AUTO,1239081,1054576.28,MEDIUM,Maharashtra,Navi Mumbai,400101,SELF_EMPLOYED,0.062697,0.4,2024-12-07,ACTIVE,36,650-749
LOAN-2020-00016,EDUCATION,5000000,4124036.08,HIGH,Karnataka,Hubli,580001,SALARIED,0.077448,0.55,2024-08-02,NPA,60,550-649
LOAN-2020-00017,HOME,9102488,8262368.47,LOW,Gujarat,Vadodara,390001,SELF_EMPLOYED,0.007424,0.25,2023-12-16,ACTIVE,312,750-900
LOAN-2020-00018,HOME,5692730,4831351.01,HIGH,Kerala,Thiruvananthapuram,695011,SALARIED,0.072315,0.25,2024-05-22,ACTIVE,216,550-649
LOAN-2020-00019,PERSONAL,1892804,1728474.1,MEDIUM,West Bengal,Kolkata,700001,SALARIED,0.054337,0.65,2024-12-04,ACTIVE,60,650-749
LOAN-2020-00020,AUTO,1152842,0.0,MEDIUM,Tamil Nadu,Coimbatore,641012,SALARIED,0.069755,0.4,2020-06-06,NPA,24,650-749
LOAN-2020-00021,HOME,3922699,3295834.35,LOW,Uttar Pradesh,Lucknow,226001,SALARIED,0.007864,0.25,2023-03-30,ACTIVE,360,750-900
LOAN-2020-00022,AUTO,558927,136559.9,HIGH,Gujarat,Bhavnagar,364001,SALARIED,0.093623,0.4,2022-02-23,ACTIVE,48,550-649
LOAN-2020-00023,PERSONAL,2500000,0.0,MEDIUM,Karnataka,Bangalore,560038,SELF_EMPLOYED,0.061395,0.65,2020-01-20,ACTIVE,12,650-749
LOAN-2020-00024,PERSONAL,1324626,0.0,HIGH,Karnataka,Hubli,580001,SALARIED,0.134264,0.65,2023-02-22,NPA,24,550-649
LOAN-2020-00025,HOME,4102792,2744121.8,LOW,Karnataka,Bangalore,560068,SALARIED,0.011859,0.25,2022-02-12,ACTIVE,168,750-900
LOAN-2020-00026,AUTO,1215839,670430.87,MEDIUM,Gujarat,Rajkot,360001,SELF_EMPLOYED,0.044754,0.4,2023-10-01,CLOSED,48,650-749
LOAN-2020-00027,PERSONAL,711063,0.0,MEDIUM,Delhi,New Delhi,110051,SELF_EMPLOYED,0.06301,0.65,2022-06-15,ACTIVE,12,650-749
LOAN-2020-00028,AUTO,238680,110580.73,MEDIUM,Delhi,Patparganj,110091,SALARIED,0.02707,0.4,2022-10-05,CLOSED,60,650-749
LOAN-2020-00029,HOME,1976140,1507495.86,LOW,Rajasthan,Udaipur,313001,SALARIED,0.019237,0.25,2023-01-28,ACTIVE,228,750-900
LOAN-2020-00030,PERSONAL,2500000,1819016.99,MEDIUM,West Bengal,Burdwan,713101,SALARIED,0.059289,0.65,2024-02-07,ACTIVE,48,650-749
LOAN-2020-00031,AUTO,2041966,0.0,LOW,West Bengal,Kolkata,700106,SELF_EMPLOYED,0.010479,0.4,2020-01-12,ACTIVE,60,750-900
LOAN-2020-00032,HOME,5952986,5035391.76,MEDIUM,Maharashtra,Nagpur,440001,SALARIED,0.024727,0.25,2024-03-04,NPA,192,650-749
LOAN-2020-00033,HOME,12848179,11216939.37,LOW,Kerala,Kochi,682020,SALARIED,0.006915,0.25,2022-10-05,ACTIVE,300,750-900
LOAN-2020-00034,EDUCATION,1306166,961623.58,HIGH,Delhi,Mayur Vihar,110092,SELF_EMPLOYED,0.136117,0.55,2023-09-27,ACTIVE,96,550-649
LOAN-2020-00035,HOME,25684334,20888425.25,VERY_HIGH,West Bengal,Kolkata,700001,SALARIED,0.139994,0.25,2022-12-28,ACTIVE,288,300-549
LOAN-2020-00036,PERSONAL,2500000,291214.8,MEDIUM,Rajasthan,Jaipur,302001,SALARIED,0.052077,0.65,2023-05-23,ACTIVE,24,650-749
LOAN-2020-00037,EDUCATION,385100,230579.24,MEDIUM,West Bengal,Kolkata,700001,SALARIED,0.065135,0.55,2023-05-02,ACTIVE,72,650-749
LOAN-2020-00038,EDUCATION,5000000,2266745.35,LOW,Delhi,Patparganj,110091,SALARIED,0.00667,0.55,2021-03-20,ACTIVE,96,750-900
LOAN-2020-00039,HOME,2202561,1586923.61,LOW,Delhi,Mayur Vihar,110092,SALARIED,0.016163,0.25,2021-01-21,CLOSED,216,750-900
LOAN-2020-00040,HOME,10355679,9065447.96,LOW,West Bengal,Malda,732101,SALARIED,0.018367,0.25,2022-06-04,ACTIVE,288,750-900
LOAN-2020-00041,HOME,6930759,4895063.71,MEDIUM,Maharashtra,Aurangabad,431001,SALARIED,0.056046,0.25,2022-08-28,CLOSED,144,650-749
LOAN-2020-00042,PERSONAL,1590843,330740.11,MEDIUM,Telangana,Hyderabad,500018,SALARIED,0.048017,0.65,2022-01-09,ACTIVE,48,650-749
LOAN-2020-00043,AUTO,461250,8287.24,LOW,West Bengal,Howrah,711101,SALARIED,0.019514,0.4,2021-03-25,ACTIVE,48,750-900
LOAN-2020-00044,AUTO,3800699,0.0,LOW,Delhi,Dwarka,110096,SELF_EMPLOYED,0.024398,0.4,2022-03-05,ACTIVE,24,750-900
LOAN-2020-00045,HOME,20956679,20263473.72,LOW,Maharashtra,Kalyan,421201,SELF_EMPLOYED,0.013777,0.25,2024-05-07,ACTIVE,360,750-900
LOAN-2020-00046,HOME,3396571,2327493.52,MEDIUM,Maharashtra,Navi Mumbai,400101,SALARIED,0.034327,0.25,2022-12-31,ACTIVE,132,650-749
LOAN-2020-00047,AUTO,882979,345244.11,HIGH,Karnataka,Bangalore,560001,SALARIED,0.119625,0.4,2021-07-31,NPA,72,550-649
LOAN-2020-00048,PERSONAL,1565947,0.0,VERY_HIGH,Telangana,Hyderabad,500018,SALARIED,0.313221,0.65,2022-10-16,ACTIVE,12,300-549
LOAN-2020-00049,PERSONAL,2500000,78750.84,MEDIUM,Delhi,New Delhi,110001,SALARIED,0.047371,0.65,2020-05-05,ACTIVE,60,650-749
LOAN-2020-00050,HOME,2364909,1495939.45,LOW,Maharashtra,Thane,421001,SALARIED,0.012729,0.25,2021-11-02,ACTIVE,144,750-900
LOAN-2020-00051,HOME,4072941,3318542.78,LOW,Karnataka,Mangalore,575001,SALARIED,0.010464,0.25,2023-01-06,ACTIVE,276,750-900
LOAN-2020-00052,HOME,3894001,3504995.89,MEDIUM,Gujarat,Bhavnagar,364001,SALARIED,0.04993,0.25,2023-06-30,ACTIVE,204,650-749
LOAN-2020-00053,EDUCATION,1700836,915916.27,LOW,Rajasthan,Ganganagar,335001,SALARIED,0.022904,0.55,2022-01-19,ACTIVE,84,750-900
LOAN-2020-00054,PERSONAL,1627633,0.0,LOW,Delhi,New Delhi,110001,SELF_EMPLOYED,0.019777,0.65,2021-06-20,ACTIVE,24,750-900
LOAN-2020-00055,PERSONAL,2500000,0.0,MEDIUM,Tamil Nadu,Madurai,625001,SALARIED,0.036379,0.65,2021-02-28,ACTIVE,48,650-749
LOAN-2020-00056,PERSONAL,291579,189810.33,LOW,Tamil Nadu,Trichy,620001,SALARIED,0.026718,0.65,2024-01-09,ACTIVE,48,750-900
LOAN-2020-00057,PERSONAL,2500000,0.0,LOW,Tamil Nadu,Sivaganga,630001,SALARIED,0.027041,0.65,2021-10-07,ACTIVE,36,750-900
LOAN-2020-00058,PERSONAL,1027306,0.0,HIGH,Gujarat,Vadodara,390001,SALARIED,0.122544,0.65,2020-08-12,ACTIVE,48,550-649
LOAN-2020-00059,PERSONAL,1343765,59143.1,MEDIUM,Maharashtra,Pune,411001,SALARIED,0.033169,0.65,2020-06-20,ACTIVE,60,650-749
LOAN-2020-00060,HOME,3723422,2794933.98,LOW,Maharashtra,Aurangabad,431001,SALARIED,0.017761,0.25,2020-08-23,ACTIVE,312,750-900
LOAN-2020-00061,EDUCATION,1374280,535293.0,LOW,Delhi,New Delhi,110001,SELF_EMPLOYED,0.02001,0.55,2022-03-08,ACTIVE,60,750-900
LOAN-2020-00062,HOME,6524160,5692343.72,MEDIUM,Uttar Pradesh,Lucknow,226001,SELF_EMPLOYED,0.055987,0.25,2024-07-18,ACTIVE,276,650-749
LOAN-2020-00063,AUTO,1705068,1132949.12,LOW,Uttar Pradesh,Lucknow,226021,SALARIED,0.011656,0.4,2023-04-17,ACTIVE,84,750-900
LOAN-2020-00064,PERSONAL,2500000,978535.21,MEDIUM,Tamil Nadu,Madurai,625001,SALARIED,0.067197,0.65,2023-07-01,ACTIVE,36,650-749
LOAN-2020-00065,AUTO,854350,435477.94,MEDIUM,Maharashtra,Pune,411001,SALARIED,0.035316,0.4,2022-04-23,ACTIVE,72,650-749
LOAN-2020-00066,AUTO,572575,0.0,MEDIUM,Gujarat,Vadodara,390001,SALARIED,0.067628,0.4,2021-01-30,ACTIVE,36,650-749
LOAN-2020-00067,HOME,8614408,6920138.46,LOW,Gujarat,Vadodara,390001,SELF_EMPLOYED,0.014771,0.25,2022-10-05,ACTIVE,204,750-900
LOAN-2020-00068,AUTO,246501,92419.59,MEDIUM,Uttar Pradesh,Allahabad,211001,SELF_EMPLOYED,0.03061,0.4,2022-04-04,ACTIVE,60,650-749
LOAN-2020-00069,HOME,5216853,4267503.91,MEDIUM,Delhi,Mayur Vihar,110092,SALARIED,0.041496,0.25,2020-03-15,ACTIVE,348,650-749
LOAN-2020-00070,AUTO,316933,208141.61,HIGH,Telangana,Hyderabad,500081,SALARIED,0.07271,0.4,2023-03-30,ACTIVE,84,550-649
LOAN-2020-00071,PERSONAL,403662,50555.05,LOW,Gujarat,Ahmedabad,380001,SELF_EMPLOYED,0.012058,0.65,2020-11-22,ACTIVE,60,750-900
LOAN-2020-00072,PERSONAL,844422,258391.25,LOW,Uttar Pradesh,Allahabad,211001,SALARIED,0.014469,0.65,2023-10-26,ACTIVE,24,750-900
LOAN-2020-00073,AUTO,776876,0.0,LOW,Tamil Nadu,Madurai,625001,SALARIED,0.010415,0.4,2020-06-10,ACTIVE,36,750-900
LOAN-2020-00074,HOME,3604146,3040850.51,MEDIUM,Gujarat,Ahmedabad,380001,SALARIED,0.024164,0.25,2023-06-16,ACTIVE,204,650-749
LOAN-2020-00075,AUTO,2823755,1389540.64,MEDIUM,West Bengal,Malda,732101,SALARIED,0.034224,0.4,2022-01-04,ACTIVE,84,650-749
LOAN-2020-00076,PERSONAL,2500000,892618.92,MEDIUM,West Bengal,Burdwan,713101,SELF_EMPLOYED,0.047091,0.65,2022-01-15,ACTIVE,60,650-749
LOAN-2020-00077,HOME,5276612,4169498.46,HIGH,Karnataka,Shimoga,577001,SALARIED,0.069808,0.25,2021-12-14,CLOSED,252,550-649
LOAN-2020-00078,AUTO,597328,269587.58,LOW,Tamil Nadu,Chennai,600001,SALARIED,0.017901,0.4,2021-05-08,ACTIVE,84,750-900
LOAN-2020-00079,HOME,5224927,4528911.33,LOW,Maharashtra,Mumbai,400051,SALARIED,0.014771,0.25,2023-11-02,ACTIVE,168,750-900
LOAN-2020-00080,HOME,3697865,2974374.38,LOW,Karnataka,Bangalore,560068,SALARIED,0.017572,0.25,2022-09-07,ACTIVE,264,750-900
LOAN-2020-00081,HOME,7964590,6836918.04,LOW,Rajasthan,Kota,324001,SALARIED,0.010335,0.25,2023-02-10,ACTIVE,240,750-900
LOAN-2020-00082,EDUCATION,584855,373453.69,LOW,Kerala,Malappuram,676501,SELF_EMPLOYED,0.021831,0.55,2022-08-15,ACTIVE,84,750-900
LOAN-2020-00083,PERSONAL,2034432,720825.46,MEDIUM,Karnataka,Shimoga,577001,SELF_EMPLOYED,0.070955,0.65,2023-06-06,CLOSED,36,650-749
LOAN-2020-00084,HOME,3731987,3546460.38,LOW,Karnataka,Bangalore,560068,SELF_EMPLOYED,0.006301,0.25,2024-06-03,ACTIVE,288,750-900
LOAN-2020-00085,PERSONAL,2500000,0.0,MEDIUM,Gujarat,Bhavnagar,364001,SELF_EMPLOYED,0.077203,0.65,2020-02-16,ACTIVE,12,650-749
LOAN-2020-00086,EDUCATION,5000000,3838050.55,MEDIUM,Tamil Nadu,Madurai,625001,SALARIED,0.043979,0.55,2024-02-09,ACTIVE,72,650-749
LOAN-2020-00087,PERSONAL,1594376,202874.34,LOW,West Bengal,Kolkata,700001,SALARIED,0.023318,0.65,2022-07-24,ACTIVE,36,750-900
LOAN-2020-00088,AUTO,1175758,631321.61,HIGH,Tamil Nadu,Trichy,620001,SALARIED,0.1034,0.4,2022-01-08,ACTIVE,84,550-649
LOAN-2020-00089,PERSONAL,227808,26074.0,MEDIUM,Uttar Pradesh,Kanpur,208001,SALARIED,0.053989,0.65,2020-09-28,CLOSED,60,650-749
LOAN-2020-00090,PERSONAL,729257,0.0,LOW,Delhi,Mayur Vihar,110092,SELF_EMPLOYED,0.014519,0.65,2020-10-19,ACTIVE,24,750-900
LOAN-2020-00091,EDUCATION,3543627,2987112.19,LOW,Delhi,Patparganj,110091,SALARIED,0.024647,0.55,2023-09-04,ACTIVE,120,750-900
LOAN-2020-00092,PERSONAL,2500000,0.0,LOW,Kerala,Ernakulam,682001,SALARIED,0.009033,0.65,2022-04-04,ACTIVE,24,750-900
LOAN-2020-00093,PERSONAL,2500000,0.0,LOW,Maharashtra,Kalyan,421201,SELF_EMPLOYED,0.019335,0.65,2022-04-29,ACTIVE,24,750-900
LOAN-2020-00094,PERSONAL,2500000,1775424.83,LOW,Karnataka,Mysore,570001,SALARIED,0.014005,0.65,2024-04-13,CLOSED,36,750-900
LOAN-2020-00095,PERSONAL,256895,185798.81,HIGH,Gujarat,Rajkot,360001,SELF_EMPLOYED,0.152342,0.65,2024-06-13,CLOSED,36,550-649
LOAN-2020-00096,HOME,6018077,5692905.67,HIGH,Kerala,Thiruvananthapuram,695011,SALARIED,0.107461,0.25,2024-11-07,ACTIVE,204,550-649
LOAN-2020-00097,PERSONAL,442715,0.0,LOW,Maharashtra,Aurangabad,431001,SALARIED,0.02456,0.65,2020-01-07,CLOSED,36,750-900
LOAN-2020-00098,AUTO,944295,576981.97,HIGH,Maharashtra,Pune,411014,SELF_EMPLOYED,0.090695,0.4,2023-06-01,ACTIVE,72,550-649
LOAN-2020-00099,AUTO,668852,0.0,LOW,Delhi,Mayur Vihar,110092,SELF_EMPLOYED,0.011837,0.4,2021-07-25,ACTIVE,36,750-900
LOAN-2020-00100,PERSONAL,2451869,0.0,LOW,Rajasthan,Jodhpur,342001,SALARIED,0.009274,0.65,2023-02-17,ACTIVE,12,750-900
LOAN-2021-00101,EDUCATION,2158079,1661315.29,VERY_HIGH,Rajasthan,Kota,324001,SALARIED,0.182826,0.55,2024-04-10,ACTIVE,84,300-549
LOAN-2021-00102,EDUCATION,935743,890144.22,LOW,West Bengal,Burdwan,713101,SALARIED,0.007627,0.55,2024-09-26,ACTIVE,120,750-900
LOAN-2021-00103,AUTO,1458904,974502.84,HIGH,Delhi,Rohini,110085,SELF_EMPLOYED,0.141528,0.4,2024-03-30,ACTIVE,36,550-649
LOAN-2021-00104,PERSONAL,2500000,1342986.54,MEDIUM,Tamil Nadu,Coimbatore,641001,SALARIED,0.037683,0.65,2022-11-16,ACTIVE,60,650-749
LOAN-2021-00105,PERSONAL,1257505,782806.84,LOW,Maharashtra,Dhule,425001,SALARIED,0.021361,0.65,2024-10-29,ACTIVE,12,750-900
LOAN-2021-00106,HOME,3407959,2647516.02,MEDIUM,Karnataka,Bangalore,560038,SELF_EMPLOYED,0.047218,0.25,2020-12-03,ACTIVE,324,650-749
LOAN-2021-00107,HOME,9402673,7827268.79,MEDIUM,West Bengal,Malda,732101,SELF_EMPLOYED,0.059467,0.25,2024-08-22,ACTIVE,252,650-749
LOAN-2021-00108,HOME,2873600,2482967.32,LOW,Rajasthan,Jaipur,302016,SALARIED,0.017368,0.25,2024-08-16,ACTIVE,120,750-900
LOAN-2021-00109,AUTO,880721,190224.68,MEDIUM,West Bengal,Kolkata,700091,SALARIED,0.026421,0.4,2022-02-12,ACTIVE,48,650-749
LOAN-2021-00110,HOME,4550281,4234821.31,HIGH,Kerala,Kochi,682020,SELF_EMPLOYED,0.09871,0.25,2023-11-14,ACTIVE,348,550-649
LOAN-2021-00111,PERSONAL,2131585,1471636.78,MEDIUM,Rajasthan,Kota,324001,SELF_EMPLOYED,0.040961,0.65,2024-05-09,ACTIVE,36,650-749
LOAN-2021-00112,PERSONAL,2500000,2023309.34,LOW,Maharashtra,Mumbai,400051,SALARIED,0.022307,0.65,2024-10-03,ACTIVE,36,750-900
LOAN-2021-00113,AUTO,2118935,1551006.99,LOW,West Bengal,Kolkata,700001,SELF_EMPLOYED,0.019707,0.4,2023-11-06,ACTIVE,60,750-900
LOAN-2021-00114,PERSONAL,2379703,0.0,MEDIUM,Delhi,Mayur Vihar,110092,SALARIED,0.079607,0.65,2020-07-04,ACTIVE,24,650-749
LOAN-2021-00115,PERSONAL,2500000,0.0,MEDIUM,Rajasthan,Kota,324001,SELF_EMPLOYED,0.039049,0.65,2022-04-16,ACTIVE,24,650-749
LOAN-2021-00116,HOME,2105755,1118358.88,LOW,Telangana,Hyderabad,500001,SALARIED,0.01787,0.25,2020-09-17,ACTIVE,132,750-900
LOAN-2021-00117,HOME,4946741,4178038.99,VERY_HIGH,Delhi,Rohini,110085,SELF_EMPLOYED,0.229466,0.25,2023-07-04,ACTIVE,252,300-549
LOAN-2021-00118,EDUCATION,3741144,183247.3,LOW,Delhi,Patparganj,110091,SALARIED,0.019108,0.55,2020-06-04,ACTIVE,60,750-900
LOAN-2021-00119,AUTO,945767,586044.05,LOW,Kerala,Thiruvananthapuram,695001,SALARIED,0.0086,0.4,2022-12-18,ACTIVE,84,750-900
LOAN-2021-00120,HOME,25351867,21408911.15,LOW,Kerala,Ernakulam,682001,SALARIED,0.012826,0.25,2022-07-07,ACTIVE,288,750-900
LOAN-2021-00121,HOME,2815584,1667381.3,LOW,Gujarat,Ahmedabad,380015,SELF_EMPLOYED,0.018022,0.25,2020-03-26,ACTIVE,180,750-900
LOAN-2021-00122,EDUCATION,1004418,377697.9,LOW,Maharashtra,Mumbai,400051,SALARIED,0.018791,0.55,2022-03-11,NPA,60,750-900
LOAN-2021-00123,PERSONAL,2500000,0.0,MEDIUM,Telangana,Warangal,506001,SALARIED,0.079667,0.65,2022-02-19,ACTIVE,12,650-749
LOAN-2021-00124,PERSONAL,2500000,1748118.71,HIGH,Delhi,Dwarka,110096,SELF_EMPLOYED,0.16689,0.65,2024-07-22,ACTIVE,36,550-649
LOAN-2021-00125,HOME,4964507,4053129.05,LOW,Delhi,Mayur Vihar,110092,SALARIED,0.008409,0.25,2023-07-14,ACTIVE,144,750-900
LOAN-2021-00126,PERSONAL,2500000,0.0,MEDIUM,Delhi,New Delhi,110051,SELF_EMPLOYED,0.04901,0.65,2020-10-30,ACTIVE,12,650-749
LOAN-2021-00127,PERSONAL,1724518,654077.92,MEDIUM,West Bengal,Kolkata,700091,SALARIED,0.074902,0.65,2022-03-03,ACTIVE,60,650-749
LOAN-2021-00128,HOME,4872606,2708077.87,MEDIUM,Maharashtra,Pune,411001,SALARIED,0.043237,0.25,2020-04-15,ACTIVE,144,650-749
LOAN-2021-00129,HOME,2670340,2197829.73,LOW,Maharashtra,Kalyan,421201,SALARIED,0.01351,0.25,2020-10-24,ACTIVE,312,750-900
LOAN-2021-00130,HOME,23882018,22280207.9,HIGH,Delhi,Mayur Vihar,110092,SALARIED,0.115562,0.25,2024-12-11,ACTIVE,216,550-649
LOAN-2021-00131,PERSONAL,2500000,0.0,HIGH,Delhi,New Delhi,110051,SALARIED,0.160953,0.65,2022-07-03,ACTIVE,24,550-649
LOAN-2021-00132,AUTO,477076,234983.32,LOW,Rajasthan,Jaipur,302016,SALARIED,0.017142,0.4,2023-03-29,ACTIVE,48,750-900
LOAN-2021-00133,PERSONAL,2500000,0.0,LOW,Maharashtra,Navi Mumbai,400101,SALARIED,0.023234,0.65,2022-09-25,ACTIVE,12,750-900
LOAN-2021-00134,PERSONAL,556703,0.0,LOW,Uttar Pradesh,Ghaziabad,201001,SALARIED,0.012986,0.65,2021-02-28,ACTIVE,12,750-900
LOAN-2021-00135,PERSONAL,1085774,0.0,MEDIUM,Maharashtra,Pune,411014,SALARIED,0.04665,0.65,2023-02-27,ACTIVE,24,650-749
LOAN-2021-00136,AUTO,2849239,0.0,MEDIUM,Delhi,Dwarka,110096,SALARIED,0.032672,0.4,2021-09-09,ACTIVE,24,650-749
LOAN-2021-00137,PERSONAL,1972294,1224128.69,LOW,Gujarat,Surat,395001,SALARIED,0.024218,0.65,2023-06-25,ACTIVE,60,750-900
LOAN-2021-00138,AUTO,567190,181080.87,MEDIUM,Maharashtra,Kalyan,421201,SELF_EMPLOYED,0.026627,0.4,2021-04-25,ACTIVE,72,650-749
LOAN-2021-00139,HOME,4690997,3175713.54,LOW,Karnataka,Bangalore,560001,SALARIED,0.018791,0.25,2020-05-22,ACTIVE,180,750-900
LOAN-2021-00140,HOME,9570034,7305628.27,HIGH,Maharashtra,Mumbai,400051,SALARIED,0.115302,0.25,2022-08-05,ACTIVE,144,550-649
LOAN-2021-00141,HOME,4856483,4158922.27,LOW,Karnataka,Belgaum,590001,SELF_EMPLOYED,0.018841,0.25,2024-12-10,ACTIVE,120,750-900
LOAN-2021-00142,PERSONAL,361808,0.0,LOW,Kerala,Malappuram,676501,SALARIED,0.013116,0.65,2023-04-11,CLOSED,12,750-900
LOAN-2021-00143,AUTO,385555,0.0,LOW,Tamil Nadu,Chennai,600028,SALARIED,0.018004,0.4,2021-04-11,ACTIVE,36,750-900
LOAN-2021-00144,HOME,7861777,5915683.86,LOW,Tamil Nadu,Chennai,600028,SALARIED,0.006119,0.25,2023-03-25,ACTIVE,144,750-900
LOAN-2021-00145,PERSONAL,342207,184531.46,LOW,Tamil Nadu,Madurai,625001,SALARIED,0.019595,0.65,2023-06-08,ACTIVE,48,750-900
LOAN-2021-00146,AUTO,2185664,1799663.29,MEDIUM,Delhi,Rohini,110085,SALARIED,0.036186,0.4,2024-05-16,ACTIVE,84,650-749
LOAN-2021-00147,HOME,6072125,4376782.29,MEDIUM,Maharashtra,Kalyan,421201,SALARIED,0.052061,0.25,2020-06-21,ACTIVE,360,650-749
LOAN-2021-00148,HOME,2966230,2768646.26,MEDIUM,Tamil Nadu,Sivaganga,630001,SALARIED,0.039041,0.25,2024-11-03,ACTIVE,324,650-749
LOAN-2021-00149,HOME,14633032,7285958.0,VERY_HIGH,Maharashtra,Mumbai,400001,SALARIED,0.230905,0.25,2020-08-19,ACTIVE,120,300-549
LOAN-2021-00150,PERSONAL,1617309,0.0,HIGH,Telangana,Hyderabad,500001,SALARIED,0.124327,0.65,2022-10-28,ACTIVE,12,550-649
LOAN-2021-00151,PERSONAL,1377771,0.0,LOW,Maharashtra,Nagpur,440001,SALARIED,0.015693,0.65,2021-02-02,ACTIVE,48,750-900
LOAN-2021-00152,HOME,1359359,1190356.24,LOW,Tamil Nadu,Trichy,620001,SELF_EMPLOYED,0.009432,0.25,2024-11-26,CLOSED,312,750-900
LOAN-2021-00153,PERSONAL,708439,474967.6,LOW,Karnataka,Hubli,580001,SELF_EMPLOYED,0.015089,0.65,2024-08-26,CLOSED,24,750-900
LOAN-2021-00154,PERSONAL,665260,0.0,MEDIUM,Rajasthan,Jodhpur,342001,SALARIED,0.048608,0.65,2022-04-25,ACTIVE,12,650-749
LOAN-2021-00155,EDUCATION,3356263,1440242.29,LOW,Maharashtra,Navi Mumbai,400101,SELF_EMPLOYED,0.010169,0.55,2022-07-31,ACTIVE,60,750-900
LOAN-2021-00156,AUTO,655548,444800.28,HIGH,Gujarat,Surat,395001,SALARIED,0.073454,0.4,2024-01-29,ACTIVE,60,550-649
LOAN-2021-00157,HOME,12402800,6163873.2,VERY_HIGH,Tamil Nadu,Madurai,625001,SELF_EMPLOYED,0.165706,0.25,2020-01-19,ACTIVE,144,300-549
LOAN-2021-00158,AUTO,2434930,1554172.25,HIGH,Delhi,New Delhi,110051,SALARIED,0.077934,0.4,2023-06-01,ACTIVE,60,550-649
LOAN-2021-00159,HOME,5583524,4392910.51,MEDIUM,West Bengal,Kolkata,700106,SALARIED,0.05044,0.25,2021-07-19,ACTIVE,228,650-749
LOAN-2021-00160,PERSONAL,934717,206240.95,MEDIUM,Gujarat,Vadodara,390001,SELF_EMPLOYED,0.062168,0.65,2021-06-19,ACTIVE,60,650-749
LOAN-2021-00161,PERSONAL,788524,522560.4,LOW,Maharashtra,Dhule,425001,SALARIED,0.019222,0.65,2024-03-18,ACTIVE,48,750-900
LOAN-2021-00162,AUTO,421363,198672.52,MEDIUM,Telangana,Hyderabad,500018,SALARIED,0.031705,0.4,2021-10-25,ACTIVE,84,650-749
LOAN-2021-00163,PERSONAL,567324,11350.61,MEDIUM,Tamil Nadu,Sivaganga,630001,SALARIED,0.033127,0.65,2021-04-20,CLOSED,48,650-749
LOAN-2021-00164,EDUCATION,2007383,788666.96,MEDIUM,Delhi,Patparganj,110091,SALARIED,0.042272,0.55,2020-05-16,ACTIVE,96,650-749
LOAN-2021-00165,AUTO,1441872,998764.09,VERY_HIGH,Maharashtra,Mumbai,400001,SALARIED,0.272288,0.4,2023-12-20,ACTIVE,48,300-549
LOAN-2021-00166,HOME,2259525,1734655.52,MEDIUM,Tamil Nadu,Coimbatore,641012,SALARIED,0.056157,0.25,2022-07-19,ACTIVE,192,650-749
LOAN-2021-00167,PERSONAL,1822554,1046712.94,LOW,Telangana,Hyderabad,500084,SALARIED,0.008981,0.65,2023-09-27,ACTIVE,48,750-900
LOAN-2021-00168,EDUCATION,1481468,771236.97,LOW,Karnataka,Belgaum,590001,SALARIED,0.005672,0.55,2021-08-18,ACTIVE,96,750-900
LOAN-2021-00169,HOME,4561158,4227391.94,LOW,Rajasthan,Ganganagar,335001,SELF_EMPLOYED,0.018232,0.25,2023-12-20,ACTIVE,288,750-900
LOAN-2021-00170,PERSONAL,779455,0.0,MEDIUM,Kerala,Thrissur,680001,SALARIED,0.077352,0.65,2021-03-20,ACTIVE,12,650-749
LOAN-2021-00171,HOME,3287563,2254315.23,LOW,West Bengal,Kolkata,700001,SALARIED,0.016875,0.25,2020-06-25,ACTIVE,216,750-900
LOAN-2021-00172,AUTO,439370,188128.41,MEDIUM,Maharashtra,Mumbai,400051,SALARIED,0.054294,0.4,2023-01-14,ACTIVE,48,650-749
LOAN-2021-00173,HOME,1842028,1016916.08,LOW,Kerala,Ernakulam,682001,SELF_EMPLOYED,0.016351,0.25,2020-08-01,ACTIVE,156,750-900
LOAN-2021-00174,PERSONAL,2451157,0.0,LOW,Karnataka,Mangalore,575001,SALARIED,0.010071,0.65,2022-12-03,ACTIVE,12,750-900
LOAN-2021-00175,HOME,2687890,1993369.51,MEDIUM,West Bengal,Kolkata,700091,SALARIED,0.031486,0.25,2021-04-20,ACTIVE,204,650-749
LOAN-2021-00176,HOME,3424839,2765057.19,MEDIUM,Maharashtra,Nagpur,440001,SALARIED,0.054287,0.25,2020-09-15,ACTIVE,300,650-749
LOAN-2021-00177,AUTO,1431583,1372849.26,MEDIUM,Maharashtra,Nagpur,440001,SELF_EMPLOYED,0.068549,0.4,2024-12-15,ACTIVE,84,650-749
LOAN-2021-00178,AUTO,950237,867870.08,VERY_HIGH,Delhi,Mayur Vihar,110092,SALARIED,0.17109,0.4,2024-12-23,ACTIVE,48,300-549
LOAN-2021-00179,HOME,4664951,4068917.74,HIGH,Karnataka,Belgaum,590001,SELF_EMPLOYED,0.067752,0.25,2024-05-14,ACTIVE,324,550-649
LOAN-2021-00180,PERSONAL,2500000,0.0,MEDIUM,Delhi,New Delhi,110051,SELF_EMPLOYED,0.071299,0.65,2020-07-08,ACTIVE,48,650-749
LOAN-2021-00181,EDUCATION,3463989,2195747.38,MEDIUM,Maharashtra,Aurangabad,431001,SALARIED,0.06906,0.55,2022-07-19,ACTIVE,120,650-749
LOAN-2021-00182,HOME,6559628,3454879.19,LOW,Maharashtra,Kalyan,421201,SALARIED,0.015412,0.25,2020-05-22,ACTIVE,144,750-900
LOAN-2021-00183,HOME,8226264,6576333.25,MEDIUM,Uttar Pradesh,Agra,282001,SALARIED,0.056288,0.25,2023-06-28,ACTIVE,336,650-749
LOAN-2021-00184,HOME,4083533,3382945.24,LOW,Karnataka,Mangalore,575001,SALARIED,0.00527,0.25,2021-02-27,ACTIVE,348,750-900
LOAN-2021-00185,HOME,19113453,15628179.68,HIGH,Karnataka,Bangalore,560068,SELF_EMPLOYED,0.110867,0.25,2022-02-01,ACTIVE,276,550-649
LOAN-2021-00186,PERSONAL,197837,92280.82,LOW,Karnataka,Mangalore,575001,SALARIED,0.014628,0.65,2023-05-11,ACTIVE,48,750-900
LOAN-2021-00187,PERSONAL,2500000,427600.27,MEDIUM,Maharashtra,Nagpur,440001,SELF_EMPLOYED,0.071908,0.65,2021-03-07,ACTIVE,60,650-749
LOAN-2021-00188,EDUCATION,1375917,966631.16,HIGH,Tamil Nadu,Coimbatore,641012,SALARIED,0.14277,0.55,2023-09-09,ACTIVE,60,550-649
LOAN-2021-00189,EDUCATION,1517248,642947.53,LOW,Gujarat,Surat,395001,SELF_EMPLOYED,0.013868,0.55,2020-08-19,ACTIVE,96,750-900
LOAN-2021-00190,PERSONAL,1901738,0.0,MEDIUM,Gujarat,Surat,395001,SALARIED,0.043578,0.65,2020-12-12,ACTIVE,24,650-749
LOAN-2021-00191,PERSONAL,1255599,0.0,LOW,Karnataka,Bangalore,560001,SALARIED,0.029374,0.65,2020-04-02,ACTIVE,24,750-900
LOAN-2021-00192,AUTO,170158,44707.62,LOW,Tamil Nadu,Chennai,600001,SALARIED,0.021878,0.4,2022-05-14,ACTIVE,48,750-900
LOAN-2021-00193,AUTO,1830029,399000.56,MEDIUM,Karnataka,Belgaum,590001,SALARIED,0.040535,0.4,2020-07-01,ACTIVE,72,650-749
LOAN-2021-00194,PERSONAL,2500000,1490848.58,VERY_HIGH,Maharashtra,Mumbai,400001,SALARIED,0.283344,0.65,2023-06-17,ACTIVE,60,300-549
LOAN-2021-00195,EDUCATION,1661301,1151758.54,MEDIUM,West Bengal,Malda,732101,SALARIED,0.036551,0.55,2023-09-09,ACTIVE,72,650-749
LOAN-2021-00196,HOME,6147924,3219678.44,LOW,Delhi,Patparganj,110091,SELF_EMPLOYED,0.015029,0.25,2020-04-14,ACTIVE,132,750-900
LOAN-2021-00197,AUTO,791147,0.0,MEDIUM,Maharashtra,Aurangabad,431001,SALARIED,0.04885,0.4,2021-01-21,ACTIVE,36,650-749
LOAN-2021-00198,HOME,7142474,6440561.13,LOW,Karnataka,Bangalore,560001,SALARIED,0.017684,0.25,2024-01-01,ACTIVE,180,750-900
LOAN-2021-00199,HOME,11946998,8417223.64,MEDIUM,West Bengal,Malda,732101,SALARIED,0.050374,0.25,2020-01-23,ACTIVE,288,650-749
LOAN-2021-00200,HOME,3904595,3366121.44,MEDIUM,Gujarat,Ahmedabad,380001,SALARIED,0.055604,0.25,2023-05-01,ACTIVE,168,650-749
LOAN-2022-00201,AUTO,2128687,1116033.61,LOW,Maharashtra,Mumbai,400001,SALARIED,0.016194,0.4,2022-11-20,ACTIVE,60,750-900
LOAN-2022-00202,AUTO,511626,0.0,LOW,Tamil Nadu,Chennai,600078,SALARIED,0.0082,0.4,2020-09-18,ACTIVE,48,750-900
LOAN-2022-00203,HOME,6047510,4110093.01,HIGH,Maharashtra,Dhule,425001,SALARIED,0.128881,0.25,2020-03-17,ACTIVE,216,550-649
LOAN-2022-00204,HOME,5594169,4735864.89,VERY_HIGH,Rajasthan,Udaipur,313001,SALARIED,0.172742,0.25,2023-10-09,ACTIVE,336,300-549
LOAN-2022-00205,HOME,4882290,3443601.68,LOW,Karnataka,Hubli,580001,SELF_EMPLOYED,0.007258,0.25,2022-05-15,ACTIVE,144,750-900
LOAN-2022-00206,EDUCATION,1335107,621666.77,HIGH,Telangana,Hyderabad,500001,SELF_EMPLOYED,0.108044,0.55,2020-06-12,ACTIVE,108,550-649
LOAN-2022-00207,AUTO,605433,320187.3,MEDIUM,Delhi,Patparganj,110091,SALARIED,0.046005,0.4,2022-10-14,ACTIVE,60,650-749
LOAN-2022-00208,AUTO,829465,325172.16,VERY_HIGH,Tamil Nadu,Sivaganga,630001,SALARIED,0.249034,0.4,2021-02-02,NPA,84,300-549
LOAN-2022-00209,HOME,9590936,6893097.59,MEDIUM,Uttar Pradesh,Kanpur,208001,SALARIED,0.039059,0.25,2021-05-25,ACTIVE,264,650-749
LOAN-2022-00210,AUTO,906583,412863.46,HIGH,Uttar Pradesh,Kanpur,208001,SALARIED,0.144111,0.4,2021-12-20,NPA,72,550-649
LOAN-2022-00211,HOME,4455196,4003709.98,HIGH,Tamil Nadu,Sivaganga,630001,SALARIED,0.129338,0.25,2023-10-25,ACTIVE,288,550-649
LOAN-2022-00212,HOME,2035974,1890355.48,LOW,Rajasthan,Jaipur,302001,SALARIED,0.016492,0.25,2024-08-26,ACTIVE,216,750-900
LOAN-2022-00213,HOME,1393597,1100486.4,MEDIUM,Karnataka,Hubli,580001,SALARIED,0.057908,0.25,2023-08-06,ACTIVE,264,650-749
LOAN-2022-00214,PERSONAL,1074782,263189.96,MEDIUM,Maharashtra,Mumbai,400051,SELF_EMPLOYED,0.063343,0.65,2021-05-22,ACTIVE,60,650-749
LOAN-2022-00215,HOME,4091431,3543257.42,LOW,Karnataka,Belgaum,590001,SALARIED,0.005505,0.25,2023-11-27,ACTIVE,360,750-900
LOAN-2022-00216,HOME,9119983,6852075.58,HIGH,Tamil Nadu,Trichy,620001,SALARIED,0.076935,0.25,2021-02-15,ACTIVE,324,550-649
LOAN-2022-00217,HOME,5947214,4292238.68,MEDIUM,Maharashtra,Kalyan,421201,SELF_EMPLOYED,0.048869,0.25,2022-05-22,ACTIVE,132,650-749
LOAN-2022-00218,HOME,1663834,1421159.85,MEDIUM,Maharashtra,Thane,421001,SALARIED,0.057618,0.25,2023-03-26,ACTIVE,168,650-749
LOAN-2022-00219,HOME,14280331,10726703.23,MEDIUM,West Bengal,Howrah,711101,SELF_EMPLOYED,0.057453,0.25,2021-11-21,ACTIVE,300,650-749
LOAN-2022-00220,AUTO,584448,437390.27,LOW,Telangana,Hyderabad,500018,SALARIED,0.007592,0.4,2024-01-15,ACTIVE,60,750-900
LOAN-2022-00221,HOME,5371451,4865362.58,MEDIUM,Telangana,Hyderabad,500018,SALARIED,0.038308,0.25,2024-08-08,ACTIVE,144,650-749
LOAN-2022-00222,HOME,10234223,8725079.18,HIGH,Maharashtra,Pune,411014,SELF_EMPLOYED,0.111135,0.25,2023-01-28,ACTIVE,240,550-649
LOAN-2022-00223,HOME,18681496,13333155.61,LOW,Gujarat,Ahmedabad,380015,SELF_EMPLOYED,0.018353,0.25,2023-06-29,ACTIVE,120,750-900
LOAN-2022-00224,PERSONAL,741049,0.0,MEDIUM,Tamil Nadu,Madurai,625001,SELF_EMPLOYED,0.036218,0.65,2023-03-07,ACTIVE,12,650-749
LOAN-2022-00225,HOME,20311619,17590137.86,HIGH,Karnataka,Mangalore,575001,SALARIED,0.091844,0.25,2022-02-22,ACTIVE,348,550-649
LOAN-2022-00226,EDUCATION,932024,210221.35,LOW,Maharashtra,Aurangabad,431001,SALARIED,0.019781,0.55,2021-06-02,ACTIVE,60,750-900
LOAN-2022-00227,HOME,4657390,3638879.31,LOW,Telangana,Hyderabad,500084,SELF_EMPLOYED,0.008106,0.25,2022-12-18,ACTIVE,204,750-900
LOAN-2022-00228,HOME,11595130,8873779.51,LOW,Tamil Nadu,Madurai,625001,SALARIED,0.012961,0.25,2022-09-06,CLOSED,168,750-900
LOAN-2022-00229,HOME,8000340,7322423.48,LOW,Karnataka,Hubli,580001,SALARIED,0.007204,0.25,2024-09-12,ACTIVE,336,750-900
LOAN-2022-00230,HOME,5288705,5176767.43,MEDIUM,West Bengal,Howrah,711101,SALARIED,0.022488,0.25,2024-11-11,ACTIVE,276,650-749
LOAN-2022-00231,HOME,2574351,2365891.81,LOW,Delhi,Dwarka,110096,SALARIED,0.014314,0.25,2024-05-16,ACTIVE,168,750-900
LOAN-2022-00232,AUTO,413390,289586.7,LOW,Maharashtra,Thane,421001,SALARIED,0.020863,0.4,2024-03-26,ACTIVE,48,750-900
LOAN-2022-00233,HOME,14976023,11090089.26,MEDIUM,Tamil Nadu,Sivaganga,630001,SALARIED,0.043742,0.25,2020-11-06,ACTIVE,324,650-749
LOAN-2022-00234,HOME,38742120,26049669.09,HIGH,Rajasthan,Udaipur,313001,SELF_EMPLOYED,0.071317,0.25,2020-01-08,ACTIVE,204,550-649
LOAN-2022-00235,HOME,4874765,4327792.51,MEDIUM,Rajasthan,Jodhpur,342001,SALARIED,0.051377,0.25,2024-03-15,ACTIVE,228,650-749
LOAN-2022-00236,HOME,1781119,1298742.78,HIGH,Maharashtra,Kalyan,421201,SELF_EMPLOYED,0.122625,0.25,2023-04-11,ACTIVE,144,550-649
LOAN-2022-00237,HOME,6466654,5383523.3,HIGH,Kerala,Thiruvananthapuram,695001,SELF_EMPLOYED,0.064039,0.25,2023-10-14,ACTIVE,144,550-649
LOAN-2022-00238,PERSONAL,2500000,1474125.02,LOW,Tamil Nadu,Chennai,600078,SALARIED,0.01024,0.65,2023-07-13,ACTIVE,48,750-900
LOAN-2022-00239,HOME,17774844,14939238.81,VERY_HIGH,Maharashtra,Nagpur,440001,SALARIED,0.1813,0.25,2021-08-10,ACTIVE,336,300-549
LOAN-2022-00240,HOME,7889781,6164088.13,HIGH,Kerala,Thrissur,680001,SALARIED,0.074312,0.25,2021-07-06,ACTIVE,348,550-649
LOAN-2022-00241,HOME,6784127,5742621.51,MEDIUM,Delhi,New Delhi,110051,SELF_EMPLOYED,0.021906,0.25,2023-04-02,ACTIVE,204,650-749
LOAN-2022-00242,PERSONAL,510277,328822.36,LOW,Uttar Pradesh,Ghaziabad,201001,SALARIED,0.008,0.65,2024-11-19,ACTIVE,12,750-900
LOAN-2022-00243,PERSONAL,698035,509064.24,LOW,Karnataka,Mangalore,575001,SALARIED,0.014822,0.65,2024-03-14,ACTIVE,48,750-900
LOAN-2022-00244,PERSONAL,1920204,1702971.34,MEDIUM,Uttar Pradesh,Ghaziabad,201001,SALARIED,0.079977,0.65,2024-10-29,ACTIVE,36,650-749
LOAN-2022-00245,HOME,4958700,4010535.09,MEDIUM,Gujarat,Vadodara,390001,SALARIED,0.030754,0.25,2024-02-12,ACTIVE,216,650-749
LOAN-2022-00246,PERSONAL,1643509,0.0,LOW,Gujarat,Rajkot,360001,SALARIED,0.028524,0.65,2023-01-16,ACTIVE,12,750-900
LOAN-2022-00247,HOME,11902916,8478791.62,HIGH,Maharashtra,Dhule,425001,SELF_EMPLOYED,0.084174,0.25,2020-09-18,ACTIVE,216,550-649
LOAN-2022-00248,HOME,3894504,2946185.64,MEDIUM,Gujarat,Rajkot,360001,SELF_EMPLOYED,0.035374,0.25,2022-04-30,ACTIVE,156,650-749
LOAN-2022-00249,PERSONAL,1879260,1149933.09,MEDIUM,West Bengal,Howrah,711101,SALARIED,0.05148,0.65,2024-01-16,ACTIVE,36,650-749
LOAN-2022-00250,HOME,10543978,9602590.8,HIGH,Tamil Nadu,Coimbatore,641001,SALARIED,0.080303,0.25,2023-10-31,ACTIVE,252,550-649
LOAN-2022-00251,HOME,17434463,12672794.78,LOW,Uttar Pradesh,Lucknow,226021,SELF_EMPLOYED,0.013233,0.25,2023-02-23,ACTIVE,120,750-900
LOAN-2022-00252,AUTO,344038,0.0,HIGH,Delhi,Patparganj,110091,SALARIED,0.124836,0.4,2020-07-15,ACTIVE,24,550-649
LOAN-2022-00253,HOME,16718987,14097261.76,VERY_HIGH,Rajasthan,Ganganagar,335001,SELF_EMPLOYED,0.242953,0.25,2020-12-26,ACTIVE,324,300-549
LOAN-2022-00254,AUTO,931582,100273.89,LOW,Kerala,Thrissur,680001,SELF_EMPLOYED,0.01193,0.4,2023-05-12,ACTIVE,24,750-900
LOAN-2022-00255,AUTO,242430,99720.7,MEDIUM,Telangana,Hyderabad,500018,SALARIED,0.028075,0.4,2021-07-06,ACTIVE,84,650-749
LOAN-2022-00256,PERSONAL,1526176,0.0,MEDIUM,Karnataka,Bangalore,560038,SALARIED,0.056288,0.65,2022-12-18,ACTIVE,12,650-749
LOAN-2022-00257,EDUCATION,1905730,1004577.62,LOW,Maharashtra,Thane,421001,SELF_EMPLOYED,0.018602,0.55,2020-10-10,ACTIVE,120,750-900
LOAN-2022-00258,EDUCATION,3854750,2161861.44,MEDIUM,Uttar Pradesh,Lucknow,226021,SALARIED,0.029585,0.55,2021-01-04,ACTIVE,120,650-749
LOAN-2022-00259,PERSONAL,2382657,0.0,LOW,West Bengal,Howrah,711101,SALARIED,0.020031,0.65,2022-11-30,ACTIVE,12,750-900
LOAN-2022-00260,HOME,1487604,1111722.29,LOW,Uttar Pradesh,Agra,282001,SALARIED,0.018668,0.25,2020-07-21,ACTIVE,300,750-900
LOAN-2022-00261,PERSONAL,2500000,392715.64,MEDIUM,Maharashtra,Kalyan,421201,SELF_EMPLOYED,0.069338,0.65,2021-01-21,ACTIVE,60,650-749
LOAN-2022-00262,PERSONAL,720255,631661.59,MEDIUM,Maharashtra,Dhule,425001,SALARIED,0.048422,0.65,2024-09-13,ACTIVE,48,650-749
LOAN-2022-00263,PERSONAL,1837778,1461396.86,LOW,Uttar Pradesh,Kanpur,208001,SALARIED,0.025248,0.65,2024-04-02,ACTIVE,60,750-900
LOAN-2022-00264,AUTO,340598,0.0,LOW,Karnataka,Shimoga,577001,SALARIED,0.020289,0.4,2022-08-31,ACTIVE,24,750-900
LOAN-2022-00265,EDUCATION,5000000,3070987.28,LOW,Tamil Nadu,Chennai,600001,SALARIED,0.013924,0.55,2022-08-21,ACTIVE,96,750-900
LOAN-2022-00266,HOME,4728378,4019840.33,MEDIUM,Tamil Nadu,Coimbatore,641012,SELF_EMPLOYED,0.056552,0.25,2023-11-13,ACTIVE,276,650-749
LOAN-2022-00267,AUTO,525740,215259.09,HIGH,Uttar Pradesh,Ghaziabad,201001,SELF_EMPLOYED,0.138705,0.4,2023-12-20,ACTIVE,24,550-649
LOAN-2022-00268,AUTO,1521724,1324841.13,LOW,Maharashtra,Aurangabad,431001,SALARIED,0.008306,0.4,2024-06-27,ACTIVE,72,750-900
LOAN-2022-00269,PERSONAL,626161,0.0,LOW,Tamil Nadu,Trichy,620001,SALARIED,0.021962,0.65,2020-04-24,ACTIVE,24,750-900
LOAN-2022-00270,PERSONAL,2025563,758636.17,LOW,Maharashtra,Thane,421001,SALARIED,0.020251,0.65,2023-04-13,ACTIVE,36,750-900
LOAN-2022-00271,PERSONAL,2332786,202387.98,LOW,Rajasthan,Udaipur,313001,SALARIED,0.023326,0.65,2020-09-01,ACTIVE,60,750-900
LOAN-2022-00272,HOME,18099804,11070251.17,MEDIUM,Karnataka,Mangalore,575001,SELF_EMPLOYED,0.020725,0.25,2021-06-12,ACTIVE,120,650-749
LOAN-2022-00273,AUTO,487452,317330.9,HIGH,Karnataka,Bangalore,560038,SALARIED,0.107204,0.4,2024-06-09,ACTIVE,24,550-649
LOAN-2022-00274,HOME,3478028,2738861.28,MEDIUM,Delhi,Rohini,110085,SELF_EMPLOYED,0.035513,0.25,2023-06-09,ACTIVE,276,650-749
LOAN-2022-00275,HOME,12303486,9634555.78,LOW,Tamil Nadu,Madurai,625001,SALARIED,0.011757,0.25,2020-11-28,ACTIVE,264,750-900
LOAN-2022-00276,EDUCATION,5000000,3062895.01,MEDIUM,Karnataka,Bangalore,560068,SALARIED,0.045891,0.55,2022-04-22,ACTIVE,96,650-749
LOAN-2022-00277,HOME,2244225,1886939.43,LOW,Gujarat,Ahmedabad,380001,SALARIED,0.005997,0.25,2023-03-05,ACTIVE,300,750-900
LOAN-2022-00278,AUTO,2019884,152941.12,LOW,Gujarat,Surat,395001,SALARIED,0.0089,0.4,2020-08-07,ACTIVE,60,750-900
LOAN-2022-00279,HOME,4505816,3062603.22,MEDIUM,Delhi,New Delhi,110051,SELF_EMPLOYED,0.036599,0.25,2020-09-23,ACTIVE,228,650-749
LOAN-2022-00280,HOME,13699912,8283103.86,LOW,Karnataka,Belgaum,590001,SELF_EMPLOYED,0.007005,0.25,2021-01-05,ACTIVE,132,750-900
LOAN-2022-00281,PERSONAL,1205657,886969.04,LOW,Gujarat,Vadodara,390001,SELF_EMPLOYED,0.018189,0.65,2024-07-03,ACTIVE,48,750-900
LOAN-2022-00282,HOME,26573436,22779360.68,MEDIUM,West Bengal,Howrah,711101,SALARIED,0.034734,0.25,2024-04-12,ACTIVE,348,650-749
LOAN-2022-00283,HOME,8616102,8185252.34,LOW,Uttar Pradesh,Ghaziabad,201001,SALARIED,0.018322,0.25,2024-11-02,ACTIVE,276,750-900
LOAN-2022-00284,PERSONAL,984515,292100.06,LOW,Rajasthan,Jaipur,302001,SALARIED,0.028539,0.65,2023-01-19,ACTIVE,36,750-900
LOAN-2022-00285,EDUCATION,5000000,3811525.18,LOW,Maharashtra,Mumbai,400001,SELF_EMPLOYED,0.011256,0.55,2023-08-20,ACTIVE,120,750-900
LOAN-2022-00286,HOME,8908077,7687645.85,HIGH,Gujarat,Surat,395001,SALARIED,0.089037,0.25,2023-02-22,ACTIVE,300,550-649
LOAN-2022-00287,EDUCATION,3333053,1683392.45,MEDIUM,Delhi,New Delhi,110051,SALARIED,0.066811,0.55,2021-11-25,ACTIVE,84,650-749
LOAN-2022-00288,AUTO,869906,431160.64,LOW,Tamil Nadu,Trichy,620001,SELF_EMPLOYED,0.021657,0.4,2023-03-24,ACTIVE,48,750-900
LOAN-2022-00289,EDUCATION,5000000,3040247.07,LOW,Tamil Nadu,Chennai,600001,SALARIED,0.017719,0.55,2023-07-07,ACTIVE,60,750-900
LOAN-2022-00290,HOME,2902845,2605709.84,MEDIUM,Delhi,Dwarka,110096,SALARIED,0.038143,0.25,2023-08-12,CLOSED,240,650-749
LOAN-2022-00291,AUTO,675802,336280.49,MEDIUM,Delhi,Mayur Vihar,110092,SALARIED,0.051678,0.4,2023-03-19,ACTIVE,48,650-749
LOAN-2022-00292,HOME,3657643,3037560.87,HIGH,Telangana,Warangal,506001,SALARIED,0.086281,0.25,2023-05-23,ACTIVE,300,550-649
LOAN-2022-00293,EDUCATION,2091703,1417332.42,LOW,Uttar Pradesh,Lucknow,226001,SALARIED,0.024507,0.55,2022-08-02,ACTIVE,108,750-900
LOAN-2022-00294,HOME,4286015,3962046.1,MEDIUM,Rajasthan,Jodhpur,342001,SALARIED,0.037538,0.25,2023-01-12,ACTIVE,348,650-749
LOAN-2022-00295,EDUCATION,418473,236189.95,LOW,Karnataka,Shimoga,577001,SALARIED,0.010129,0.55,2022-12-08,ACTIVE,72,750-900
LOAN-2022-00296,EDUCATION,1045355,135680.0,LOW,Uttar Pradesh,Lucknow,226021,SALARIED,0.021586,0.55,2020-01-11,ACTIVE,72,750-900
LOAN-2022-00297,HOME,2290346,1579411.41,MEDIUM,Tamil Nadu,Trichy,620001,SALARIED,0.038383,0.25,2022-09-17,ACTIVE,120,650-749
LOAN-2022-00298,HOME,11747407,10987923.86,LOW,Maharashtra,Aurangabad,431001,SALARIED,0.005674,0.25,2024-03-06,CLOSED,288,750-900
LOAN-2022-00299,PERSONAL,2500000,0.0,LOW,Maharashtra,Mumbai,400051,SALARIED,0.015951,0.65,2020-08-14,ACTIVE,48,750-900
LOAN-2022-00300,PERSONAL,2500000,0.0,LOW,Tamil Nadu,Sivaganga,630001,SALARIED,0.019284,0.65,2020-09-26,ACTIVE,12,750-900
LOAN-2023-00301,AUTO,1765369,362444.46,LOW,Gujarat,Bhavnagar,364001,SALARIED,0.008657,0.4,2022-01-07,ACTIVE,48,750-900
LOAN-2023-00302,AUTO,604168,0.0,MEDIUM,Delhi,Dwarka,110096,SALARIED,0.057826,0.4,2020-12-14,ACTIVE,24,650-749
LOAN-2023-00303,PERSONAL,2163698,0.0,LOW,Karnataka,Bangalore,560038,SALARIED,0.025437,0.65,2020-10-02,ACTIVE,24,750-900
LOAN-2023-00304,HOME,8832325,7643488.33,MEDIUM,Maharashtra,Nagpur,440001,SALARIED,0.056981,0.25,2023-02-08,ACTIVE,204,650-749
LOAN-2023-00305,AUTO,1838711,517642.34,MEDIUM,Maharashtra,Mumbai,400051,SELF_EMPLOYED,0.042904,0.4,2023-01-22,ACTIVE,36,650-749
LOAN-2023-00306,PERSONAL,2500000,0.0,LOW,Telangana,Hyderabad,500081,SALARIED,0.014126,0.65,2020-11-03,CLOSED,48,750-900
LOAN-2023-00307,PERSONAL,2500000,1177019.51,MEDIUM,Karnataka,Shimoga,577001,SALARIED,0.038675,0.65,2023-09-06,ACTIVE,36,650-749
LOAN-2023-00308,HOME,11099986,7257942.82,MEDIUM,Gujarat,Ahmedabad,380001,SALARIED,0.034635,0.25,2021-09-05,ACTIVE,180,650-749
LOAN-2023-00309,AUTO,271536,137835.29,MEDIUM,Karnataka,Bangalore,560068,SALARIED,0.051878,0.4,2022-10-26,ACTIVE,60,650-749
LOAN-2023-00310,PERSONAL,2500000,0.0,HIGH,Uttar Pradesh,Agra,282001,SALARIED,0.151605,0.65,2023-02-02,ACTIVE,24,550-649
LOAN-2023-00311,PERSONAL,2084744,1754163.13,LOW,Maharashtra,Nagpur,440001,SALARIED,0.012086,0.65,2024-10-09,ACTIVE,48,750-900
LOAN-2023-00312,HOME,7756176,6421423.89,LOW,Gujarat,Bhavnagar,364001,SALARIED,0.018571,0.25,2022-07-04,ACTIVE,228,750-900
LOAN-2023-00313,EDUCATION,967766,317535.13,HIGH,Rajasthan,Jaipur,302001,SALARIED,0.138491,0.55,2021-03-09,NPA,72,550-649
LOAN-2023-00314,HOME,38837747,30898528.54,MEDIUM,Karnataka,Bangalore,560001,SELF_EMPLOYED,0.024796,0.25,2021-03-21,ACTIVE,348,650-749
LOAN-2023-00315,PERSONAL,1278821,0.0,HIGH,Maharashtra,Aurangabad,431001,SALARIED,0.1533,0.65,2020-03-31,ACTIVE,48,550-649
LOAN-2023-00316,AUTO,1359544,1163411.2,MEDIUM,Uttar Pradesh,Lucknow,226021,SALARIED,0.029443,0.4,2024-09-12,ACTIVE,72,650-749
LOAN-2023-00317,EDUCATION,1567834,870575.44,LOW,Maharashtra,Mumbai,400051,SELF_EMPLOYED,0.022462,0.55,2021-12-17,ACTIVE,96,750-900
LOAN-2023-00318,EDUCATION,1399130,843521.33,HIGH,Kerala,Thiruvananthapuram,695001,SALARIED,0.07218,0.55,2022-06-15,ACTIVE,96,550-649
LOAN-2023-00319,PERSONAL,2500000,0.0,LOW,Telangana,Warangal,506001,SELF_EMPLOYED,0.01522,0.65,2021-08-24,ACTIVE,12,750-900
LOAN-2023-00320,HOME,8436505,7574925.7,HIGH,Tamil Nadu,Trichy,620001,SALARIED,0.079303,0.25,2022-10-12,ACTIVE,312,550-649
LOAN-2023-00321,EDUCATION,2719375,1345023.64,MEDIUM,Tamil Nadu,Chennai,600028,SELF_EMPLOYED,0.068702,0.55,2022-02-23,ACTIVE,72,650-749
LOAN-2023-00322,HOME,7137045,4371649.0,LOW,Tamil Nadu,Madurai,625001,SELF_EMPLOYED,0.01522,0.25,2020-05-01,ACTIVE,156,750-900
LOAN-2023-00323,PERSONAL,2500000,2121351.9,LOW,Karnataka,Bangalore,560001,SALARIED,0.009542,0.65,2024-11-09,ACTIVE,60,750-900
LOAN-2023-00324,HOME,6459965,4667641.99,HIGH,Maharashtra,Dhule,425001,SALARIED,0.111204,0.25,2020-07-19,ACTIVE,288,550-649
LOAN-2023-00325,HOME,5388804,3694119.33,MEDIUM,Delhi,Mayur Vihar,110092,SALARIED,0.051239,0.25,2021-02-26,ACTIVE,168,650-749
LOAN-2023-00326,HOME,2653202,2321247.27,HIGH,Tamil Nadu,Chennai,600028,SALARIED,0.119095,0.25,2023-12-18,ACTIVE,228,550-649
LOAN-2023-00327,EDUCATION,4161678,725332.18,LOW,Uttar Pradesh,Kanpur,208001,SELF_EMPLOYED,0.019567,0.55,2021-02-19,ACTIVE,60,750-900
LOAN-2023-00328,EDUCATION,2335701,1063446.74,LOW,Rajasthan,Kota,324001,SALARIED,0.018761,0.55,2020-04-22,ACTIVE,120,750-900
LOAN-2023-00329,HOME,2564384,2449381.27,HIGH,Delhi,Patparganj,110091,SALARIED,0.090958,0.25,2024-05-28,ACTIVE,300,550-649
LOAN-2023-00330,HOME,1145530,908356.32,LOW,Maharashtra,Navi Mumbai,400101,SALARIED,0.019224,0.25,2022-06-21,ACTIVE,360,750-900
LOAN-2023-00331,PERSONAL,1602304,0.0,HIGH,Delhi,Dwarka,110096,SALARIED,0.138325,0.65,2020-09-18,ACTIVE,36,550-649
LOAN-2023-00332,HOME,5794947,3922137.75,MEDIUM,Delhi,Patparganj,110091,SELF_EMPLOYED,0.05617,0.25,2021-07-28,ACTIVE,204,650-749
LOAN-2023-00333,PERSONAL,321455,240295.62,HIGH,Karnataka,Shimoga,577001,SALARIED,0.142646,0.65,2024-06-24,ACTIVE,60,550-649
LOAN-2023-00334,PERSONAL,2419496,0.0,LOW,Tamil Nadu,Coimbatore,641012,SELF_EMPLOYED,0.020584,0.65,2020-03-04,ACTIVE,60,750-900
LOAN-2023-00335,AUTO,425418,57131.09,MEDIUM,Karnataka,Bangalore,560038,SALARIED,0.040189,0.4,2020-02-03,ACTIVE,72,650-749
LOAN-2023-00336,HOME,3214034,2703780.47,HIGH,Uttar Pradesh,Agra,282001,SALARIED,0.117825,0.25,2022-10-29,ACTIVE,288,550-649
LOAN-2023-00337,HOME,4521909,3656588.52,MEDIUM,Tamil Nadu,Trichy,620001,SALARIED,0.040185,0.25,2021-08-02,ACTIVE,228,650-749
LOAN-2023-00338,PERSONAL,2500000,2120036.05,MEDIUM,West Bengal,Kolkata,700106,SELF_EMPLOYED,0.046514,0.65,2024-12-13,ACTIVE,24,650-749
LOAN-2023-00339,HOME,7609530,6326132.7,LOW,Karnataka,Bangalore,560068,SALARIED,0.018349,0.25,2023-10-03,ACTIVE,312,750-900
LOAN-2023-00340,PERSONAL,1297093,82276.56,MEDIUM,Telangana,Hyderabad,500084,SALARIED,0.036754,0.65,2020-07-13,ACTIVE,60,650-749
LOAN-2023-00341,PERSONAL,507205,0.0,MEDIUM,Telangana,Warangal,506001,SALARIED,0.041667,0.65,2022-04-24,ACTIVE,24,650-749
LOAN-2023-00342,HOME,3028016,2236576.51,MEDIUM,Karnataka,Bangalore,560001,SELF_EMPLOYED,0.036455,0.25,2023-01-01,ACTIVE,132,650-749
LOAN-2023-00343,HOME,2948641,2427306.49,LOW,Maharashtra,Mumbai,400051,SALARIED,0.010968,0.25,2021-06-10,ACTIVE,276,750-900
LOAN-2023-00344,AUTO,906378,724366.59,MEDIUM,Maharashtra,Pune,411014,SALARIED,0.057162,0.4,2023-12-14,ACTIVE,84,650-749
LOAN-2023-00345,EDUCATION,1454974,887895.46,MEDIUM,Karnataka,Mangalore,575001,SALARIED,0.028675,0.55,2022-08-22,ACTIVE,84,650-749
LOAN-2023-00346,AUTO,371795,257070.86,LOW,Gujarat,Ahmedabad,380001,SALARIED,0.023485,0.4,2023-08-26,ACTIVE,60,750-900
LOAN-2023-00347,HOME,5195888,4031337.57,LOW,Gujarat,Vadodara,390001,SALARIED,0.007223,0.25,2020-07-08,ACTIVE,336,750-900
LOAN-2023-00348,EDUCATION,5000000,3512408.03,MEDIUM,Tamil Nadu,Trichy,620001,SELF_EMPLOYED,0.035813,0.55,2023-06-24,ACTIVE,84,650-749
LOAN-2023-00349,HOME,10642817,8422133.72,HIGH,Kerala,Ernakulam,682001,SALARIED,0.082402,0.25,2023-12-31,ACTIVE,120,550-649
LOAN-2023-00350,PERSONAL,1384736,616020.46,MEDIUM,Karnataka,Bangalore,560068,SALARIED,0.065031,0.65,2023-01-01,ACTIVE,48,650-749
LOAN-2023-00351,EDUCATION,2302969,1870455.21,LOW,Rajasthan,Udaipur,313001,SALARIED,0.009651,0.55,2023-05-08,ACTIVE,120,750-900
LOAN-2023-00352,AUTO,1720942,1136263.78,MEDIUM,Tamil Nadu,Coimbatore,641001,SALARIED,0.027164,0.4,2022-12-01,ACTIVE,84,650-749
LOAN-2023-00353,AUTO,565663,81191.1,MEDIUM,Karnataka,Belgaum,590001,SALARIED,0.05786,0.4,2021-01-10,ACTIVE,60,650-749
LOAN-2023-00354,EDUCATION,3311222,527210.62,MEDIUM,Rajasthan,Jodhpur,342001,SALARIED,0.068883,0.55,2021-01-15,ACTIVE,60,650-749
LOAN-2023-00355,PERSONAL,2302484,0.0,LOW,Rajasthan,Ganganagar,335001,SALARIED,0.02086,0.65,2021-01-01,ACTIVE,24,750-900
LOAN-2023-00356,AUTO,2434795,996735.11,LOW,Maharashtra,Navi Mumbai,400101,SALARIED,0.022453,0.4,2021-09-13,ACTIVE,72,750-900
LOAN-2023-00357,HOME,5027610,4084537.77,MEDIUM,Delhi,Patparganj,110091,SALARIED,0.058183,0.25,2023-04-07,ACTIVE,312,650-749
LOAN-2023-00358,AUTO,824027,448406.96,LOW,West Bengal,Kolkata,700001,SALARIED,0.018964,0.4,2023-07-07,ACTIVE,48,750-900
LOAN-2023-00359,PERSONAL,1995870,0.0,MEDIUM,Karnataka,Bangalore,560068,SALARIED,0.049816,0.65,2021-05-22,ACTIVE,12,650-749
LOAN-2023-00360,PERSONAL,966579,0.0,LOW,Telangana,Warangal,506001,SELF_EMPLOYED,0.025411,0.65,2020-09-24,ACTIVE,36,750-900
LOAN-2023-00361,HOME,5824181,5092823.83,HIGH,Maharashtra,Dhule,425001,SELF_EMPLOYED,0.09614,0.25,2021-08-29,ACTIVE,336,550-649
LOAN-2023-00362,PERSONAL,2500000,0.0,LOW,Rajasthan,Ganganagar,335001,SALARIED,0.020472,0.65,2023-02-14,ACTIVE,12,750-900
LOAN-2023-00363,HOME,12203760,9138251.56,LOW,Telangana,Hyderabad,500081,SALARIED,0.017395,0.25,2021-12-22,ACTIVE,240,750-900
LOAN-2023-00364,HOME,7445947,5265017.39,LOW,Uttar Pradesh,Lucknow,226021,SELF_EMPLOYED,0.007469,0.25,2020-08-11,ACTIVE,276,750-900
LOAN-2023-00365,AUTO,699323,66191.01,LOW,Maharashtra,Kalyan,421201,SELF_EMPLOYED,0.006602,0.4,2022-07-13,ACTIVE,36,750-900
LOAN-2023-00366,PERSONAL,1296659,882096.48,LOW,Telangana,Hyderabad,500084,SALARIED,0.011197,0.65,2024-09-10,ACTIVE,24,750-900
LOAN-2023-00367,AUTO,709512,384386.7,MEDIUM,Uttar Pradesh,Agra,282001,SALARIED,0.033337,0.4,2023-12-02,ACTIVE,36,650-749
LOAN-2023-00368,HOME,1180969,896503.81,MEDIUM,Delhi,New Delhi,110001,SALARIED,0.047222,0.25,2021-02-23,CLOSED,300,650-749
LOAN-2023-00369,PERSONAL,420434,0.0,HIGH,Maharashtra,Mumbai,400051,SALARIED,0.121544,0.65,2021-04-12,ACTIVE,12,550-649
LOAN-2023-00370,EDUCATION,1429195,600507.36,LOW,Kerala,Malappuram,676501,SELF_EMPLOYED,0.006019,0.55,2022-04-29,ACTIVE,60,750-900
LOAN-2023-00371,AUTO,1594576,949705.33,MEDIUM,Uttar Pradesh,Ghaziabad,201001,SALARIED,0.055928,0.4,2022-11-03,ACTIVE,72,650-749
LOAN-2023-00372,HOME,8404131,5241169.87,LOW,Kerala,Malappuram,676501,SALARIED,0.017489,0.25,2022-06-09,ACTIVE,120,750-900
LOAN-2023-00373,EDUCATION,1165883,874731.09,HIGH,Gujarat,Bhavnagar,364001,SALARIED,0.10168,0.55,2024-04-30,ACTIVE,84,550-649
LOAN-2023-00374,AUTO,881911,766784.27,LOW,Maharashtra,Aurangabad,431001,SALARIED,0.023773,0.4,2024-08-08,ACTIVE,84,750-900
LOAN-2023-00375,AUTO,1217837,832847.22,MEDIUM,Telangana,Hyderabad,500018,SALARIED,0.05647,0.4,2023-10-02,ACTIVE,60,650-749
LOAN-2023-00376,PERSONAL,748327,531913.28,MEDIUM,Telangana,Hyderabad,500090,SALARIED,0.055685,0.65,2024-04-09,ACTIVE,48,650-749
LOAN-2023-00377,EDUCATION,482686,227153.68,LOW,Maharashtra,Mumbai,400051,SELF_EMPLOYED,0.019288,0.55,2022-06-11,ACTIVE,72,750-900
LOAN-2023-00378,PERSONAL,2500000,959540.77,LOW,Tamil Nadu,Trichy,620001,SALARIED,0.021456,0.65,2023-04-20,ACTIVE,36,750-900
LOAN-2023-00379,HOME,5125133,2970164.88,LOW,Maharashtra,Kalyan,421201,SALARIED,0.014231,0.25,2020-02-17,ACTIVE,180,750-900
LOAN-2023-00380,PERSONAL,2213287,1477202.5,MEDIUM,Telangana,Hyderabad,500084,SALARIED,0.069933,0.65,2023-11-12,ACTIVE,60,650-749
LOAN-2023-00381,AUTO,1808273,1045132.22,MEDIUM,Gujarat,Ahmedabad,380015,SELF_EMPLOYED,0.037925,0.4,2022-10-28,ACTIVE,72,650-749
LOAN-2023-00382,HOME,9119578,6477785.84,LOW,Maharashtra,Pune,411014,SALARIED,0.018676,0.25,2020-03-13,ACTIVE,228,750-900
LOAN-2023-00383,AUTO,1642427,0.0,LOW,Kerala,Thrissur,680001,SELF_EMPLOYED,0.008038,0.4,2022-02-26,ACTIVE,24,750-900
LOAN-2023-00384,PERSONAL,917915,313149.71,MEDIUM,Telangana,Hyderabad,500018,SELF_EMPLOYED,0.067261,0.65,2022-09-05,ACTIVE,48,650-749
LOAN-2023-00385,AUTO,2522308,1524317.27,HIGH,West Bengal,Kolkata,700001,SALARIED,0.122617,0.4,2024-06-23,ACTIVE,24,550-649
LOAN-2023-00386,HOME,4620682,4082141.06,MEDIUM,Maharashtra,Nagpur,440001,SALARIED,0.054348,0.25,2023-03-24,ACTIVE,264,650-749
LOAN-2023-00387,EDUCATION,2258260,1695667.25,LOW,West Bengal,Malda,732101,SALARIED,0.011121,0.55,2023-07-31,ACTIVE,84,750-900
LOAN-2023-00388,HOME,19182898,14598694.15,VERY_HIGH,Karnataka,Shimoga,577001,SALARIED,0.145802,0.25,2021-10-30,ACTIVE,192,300-549
LOAN-2023-00389,HOME,13707348,11714871.76,HIGH,Maharashtra,Nagpur,440001,SELF_EMPLOYED,0.117439,0.25,2023-08-14,ACTIVE,216,550-649
LOAN-2023-00390,PERSONAL,2500000,0.0,MEDIUM,Telangana,Hyderabad,500081,SELF_EMPLOYED,0.071943,0.65,2021-03-22,NPA,36,650-749
LOAN-2023-00391,HOME,8473271,6131253.89,LOW,Maharashtra,Mumbai,400051,SALARIED,0.017937,0.25,2020-09-03,ACTIVE,288,750-900
LOAN-2023-00392,EDUCATION,1813834,940342.16,LOW,Rajasthan,Udaipur,313001,SALARIED,0.010113,0.55,2020-11-29,ACTIVE,120,750-900
LOAN-2023-00393,AUTO,364052,296091.03,HIGH,Tamil Nadu,Coimbatore,641012,SALARIED,0.123052,0.4,2024-05-10,ACTIVE,72,550-649
LOAN-2023-00394,AUTO,531868,341088.52,HIGH,Uttar Pradesh,Lucknow,226021,SALARIED,0.144466,0.4,2024-02-14,ACTIVE,36,550-649
LOAN-2023-00395,PERSONAL,446499,0.0,LOW,Maharashtra,Navi Mumbai,400101,SALARIED,0.020184,0.65,2023-09-27,ACTIVE,12,750-900
LOAN-2023-00396,HOME,2886365,2218266.76,LOW,Maharashtra,Mumbai,400051,SELF_EMPLOYED,0.006095,0.25,2020-02-28,ACTIVE,324,750-900
LOAN-2023-00397,HOME,1423550,1067250.77,LOW,Kerala,Thiruvananthapuram,695011,SALARIED,0.011783,0.25,2020-04-22,ACTIVE,324,750-900
LOAN-2023-00398,AUTO,790526,352541.71,HIGH,West Bengal,Kolkata,700106,SALARIED,0.148952,0.4,2023-08-12,ACTIVE,36,550-649
LOAN-2023-00399,PERSONAL,911541,319251.9,LOW,West Bengal,Burdwan,713101,SALARIED,0.010681,0.65,2023-05-06,ACTIVE,36,750-900
LOAN-2023-00400,HOME,1390607,1089882.06,LOW,Karnataka,Shimoga,577001,SALARIED,0.010449,0.25,2022-09-15,ACTIVE,144,750-900
LOAN-2024-00401,AUTO,393857,313869.28,LOW,Maharashtra,Mumbai,400051,SALARIED,0.023316,0.4,2024-05-10,ACTIVE,84,750-900
LOAN-2024-00402,HOME,2339405,1798276.63,MEDIUM,Maharashtra,Pune,411014,SALARIED,0.02556,0.25,2020-03-01,ACTIVE,360,650-749
LOAN-2024-00403,HOME,7441282,6083002.78,HIGH,Tamil Nadu,Chennai,600001,SELF_EMPLOYED,0.121489,0.25,2022-10-01,ACTIVE,288,550-649
LOAN-2024-00404,HOME,10000817,8950239.11,MEDIUM,Maharashtra,Mumbai,400001,SALARIED,0.041882,0.25,2023-05-06,ACTIVE,288,650-749
LOAN-2024-00405,HOME,3085226,2845115.4,VERY_HIGH,Karnataka,Mysore,570001,SELF_EMPLOYED,0.146944,0.25,2024-05-09,ACTIVE,168,300-549
LOAN-2024-00406,PERSONAL,978183,0.0,MEDIUM,Tamil Nadu,Chennai,600078,SALARIED,0.071297,0.65,2020-10-13,ACTIVE,36,650-749
LOAN-2024-00407,HOME,4929854,4268034.71,LOW,Telangana,Hyderabad,500018,SALARIED,0.01139,0.25,2024-07-08,ACTIVE,312,750-900
LOAN-2024-00408,PERSONAL,1470419,0.0,MEDIUM,Gujarat,Bhavnagar,364001,SELF_EMPLOYED,0.048911,0.65,2020-04-23,ACTIVE,24,650-749
LOAN-2024-00409,PERSONAL,1464487,0.0,LOW,Gujarat,Ahmedabad,380001,SELF_EMPLOYED,0.009773,0.65,2023-12-18,ACTIVE,12,750-900
LOAN-2024-00410,HOME,4214344,3632373.89,HIGH,Delhi,Patparganj,110091,SALARIED,0.100709,0.25,2022-08-11,ACTIVE,300,550-649
LOAN-2024-00411,PERSONAL,1223414,0.0,MEDIUM,Tamil Nadu,Chennai,600028,SELF_EMPLOYED,0.035745,0.65,2020-05-11,ACTIVE,12,650-749
LOAN-2024-00412,AUTO,672117,257288.44,HIGH,Maharashtra,Pune,411014,SELF_EMPLOYED,0.146924,0.4,2020-12-03,ACTIVE,84,550-649
LOAN-2024-00413,EDUCATION,3829058,2304208.19,MEDIUM,Karnataka,Hubli,580001,SELF_EMPLOYED,0.06936,0.55,2022-05-17,ACTIVE,84,650-749
LOAN-2024-00414,PERSONAL,468140,265494.82,HIGH,West Bengal,Malda,732101,SALARIED,0.12642,0.65,2023-03-03,ACTIVE,60,550-649
LOAN-2024-00415,PERSONAL,316950,6219.96,MEDIUM,Karnataka,Mysore,570001,SALARIED,0.065756,0.65,2021-04-03,ACTIVE,48,650-749
LOAN-2024-00416,HOME,2577586,1943068.99,VERY_HIGH,Tamil Nadu,Trichy,620001,SALARIED,0.136454,0.25,2022-01-15,ACTIVE,156,300-549
LOAN-2024-00417,PERSONAL,2500000,1455137.04,HIGH,Tamil Nadu,Coimbatore,641001,SELF_EMPLOYED,0.121829,0.65,2023-09-24,ACTIVE,48,550-649
LOAN-2024-00418,HOME,5263435,4128417.15,HIGH,Maharashtra,Pune,411001,SELF_EMPLOYED,0.100874,0.25,2020-03-24,ACTIVE,300,550-649
LOAN-2024-00419,PERSONAL,2500000,1320012.92,HIGH,Maharashtra,Navi Mumbai,400101,SALARIED,0.108647,0.65,2023-03-23,ACTIVE,60,550-649
LOAN-2024-00420,AUTO,540859,240795.55,HIGH,Gujarat,Vadodara,390001,SALARIED,0.112578,0.4,2021-06-05,ACTIVE,84,550-649
LOAN-2024-00421,HOME,11666544,8847275.49,MEDIUM,Tamil Nadu,Coimbatore,641001,SALARIED,0.049105,0.25,2021-10-03,ACTIVE,324,650-749
LOAN-2024-00422,HOME,3978572,3358057.75,LOW,Tamil Nadu,Chennai,600001,SALARIED,0.01592,0.25,2021-04-13,ACTIVE,360,750-900
LOAN-2024-00423,HOME,5591361,4161752.28,LOW,Gujarat,Bhavnagar,364001,SELF_EMPLOYED,0.01884,0.25,2020-05-14,ACTIVE,348,750-900
LOAN-2024-00424,PERSONAL,1460674,0.0,HIGH,Karnataka,Bangalore,560038,SELF_EMPLOYED,0.08854,0.65,2021-12-12,ACTIVE,36,550-649
LOAN-2024-00425,HOME,2182517,1787941.05,MEDIUM,Tamil Nadu,Chennai,600028,SALARIED,0.040196,0.25,2023-04-18,CLOSED,228,650-749
LOAN-2024-00426,AUTO,2346510,296243.38,MEDIUM,Delhi,Dwarka,110096,SALARIED,0.036808,0.4,2022-07-17,ACTIVE,36,650-749
LOAN-2024-00427,PERSONAL,307011,0.0,LOW,Gujarat,Bhavnagar,364001,SALARIED,0.029852,0.65,2020-07-12,ACTIVE,48,750-900
LOAN-2024-00428,PERSONAL,838396,0.0,MEDIUM,Karnataka,Bangalore,560068,SALARIED,0.034782,0.65,2021-06-29,ACTIVE,12,650-749
LOAN-2024-00429,EDUCATION,390168,286989.89,MEDIUM,Tamil Nadu,Coimbatore,641012,SALARIED,0.065781,0.55,2023-02-05,ACTIVE,96,650-749
LOAN-2024-00430,PERSONAL,1950667,0.0,LOW,Gujarat,Ahmedabad,380015,SELF_EMPLOYED,0.016941,0.65,2022-09-23,ACTIVE,12,750-900
LOAN-2024-00431,PERSONAL,2500000,229519.68,LOW,Karnataka,Mysore,570001,SALARIED,0.024642,0.65,2021-07-30,ACTIVE,48,750-900
LOAN-2024-00432,EDUCATION,2512311,1225745.65,VERY_HIGH,Delhi,Mayur Vihar,110092,SALARIED,0.249978,0.55,2020-03-08,NPA,120,300-549
LOAN-2024-00433,HOME,5225284,3536588.63,LOW,Delhi,New Delhi,110001,SALARIED,0.007005,0.25,2022-05-27,ACTIVE,144,750-900
LOAN-2024-00434,AUTO,1243338,0.0,HIGH,Maharashtra,Thane,421001,SALARIED,0.086384,0.4,2021-01-11,ACTIVE,48,550-649
LOAN-2024-00435,HOME,8994800,6304557.81,LOW,Karnataka,Belgaum,590001,SELF_EMPLOYED,0.008585,0.25,2020-04-10,ACTIVE,252,750-900
LOAN-2024-00436,HOME,3157200,2736002.11,HIGH,Karnataka,Mysore,570001,SALARIED,0.111966,0.25,2021-11-12,ACTIVE,324,550-649
LOAN-2024-00437,HOME,3105200,2749367.49,LOW,Gujarat,Ahmedabad,380001,SALARIED,0.00525,0.25,2024-01-09,ACTIVE,192,750-900
LOAN-2024-00438,PERSONAL,1272461,1040626.2,LOW,Tamil Nadu,Chennai,600028,SELF_EMPLOYED,0.019319,0.65,2024-10-17,ACTIVE,36,750-900
LOAN-2024-00439,AUTO,1636057,996994.22,MEDIUM,Delhi,Dwarka,110096,SALARIED,0.069856,0.4,2024-07-17,ACTIVE,24,650-749
LOAN-2024-00440,AUTO,368363,214696.66,HIGH,Karnataka,Mysore,570001,SALARIED,0.09327,0.4,2022-10-06,ACTIVE,72,550-649
LOAN-2024-00441,PERSONAL,878145,709148.23,LOW,Tamil Nadu,Coimbatore,641001,SELF_EMPLOYED,0.016269,0.65,2024-09-25,CLOSED,48,750-900
LOAN-2024-00442,AUTO,947497,746459.15,LOW,Uttar Pradesh,Lucknow,226021,SALARIED,0.019409,0.4,2024-11-01,ACTIVE,24,750-900
LOAN-2024-00443,HOME,3780160,2820742.99,LOW,Maharashtra,Pune,411001,SALARIED,0.006679,0.25,2022-10-12,ACTIVE,120,750-900
LOAN-2024-00444,AUTO,3200405,1846670.91,MEDIUM,Delhi,Dwarka,110096,SELF_EMPLOYED,0.047903,0.4,2022-07-04,ACTIVE,84,650-749
LOAN-2024-00445,HOME,3861503,2959673.51,MEDIUM,Karnataka,Bangalore,560001,SALARIED,0.035691,0.25,2021-07-05,ACTIVE,360,650-749
LOAN-2024-00446,AUTO,1002180,863324.49,LOW,Karnataka,Mangalore,575001,SELF_EMPLOYED,0.016417,0.4,2024-06-10,ACTIVE,72,750-900
LOAN-2024-00447,EDUCATION,1135298,909514.41,MEDIUM,Telangana,Hyderabad,500018,SELF_EMPLOYED,0.056181,0.55,2024-04-01,ACTIVE,120,650-749
LOAN-2024-00448,EDUCATION,1097154,492414.43,LOW,Uttar Pradesh,Ghaziabad,201001,SALARIED,0.009545,0.55,2020-11-02,ACTIVE,108,750-900
LOAN-2024-00449,HOME,2362662,1812132.0,MEDIUM,Maharashtra,Nagpur,440001,SELF_EMPLOYED,0.051271,0.25,2022-07-08,ACTIVE,216,650-749
LOAN-2024-00450,PERSONAL,395440,165400.3,LOW,Gujarat,Rajkot,360001,SALARIED,0.019283,0.65,2022-11-16,ACTIVE,48,750-900
LOAN-2024-00451,PERSONAL,784891,0.0,LOW,Delhi,Dwarka,110096,SALARIED,0.027075,0.65,2021-05-08,ACTIVE,12,750-900
LOAN-2024-00452,AUTO,674387,404750.84,MEDIUM,Gujarat,Surat,395001,SALARIED,0.035364,0.4,2023-08-27,ACTIVE,60,650-749
LOAN-2024-00453,HOME,2675586,1975349.35,LOW,Tamil Nadu,Coimbatore,641012,SALARIED,0.011671,0.25,2022-09-16,ACTIVE,132,750-900
LOAN-2024-00454,AUTO,1270508,0.0,LOW,West Bengal,Kolkata,700106,SALARIED,0.010565,0.4,2021-02-21,ACTIVE,36,750-900
LOAN-2024-00455,PERSONAL,547998,0.0,MEDIUM,Karnataka,Belgaum,590001,SALARIED,0.061012,0.65,2023-10-31,ACTIVE,12,650-749
LOAN-2024-00456,PERSONAL,1822158,0.0,LOW,Rajasthan,Jaipur,302016,SALARIED,0.017204,0.65,2020-11-19,ACTIVE,36,750-900
LOAN-2024-00457,HOME,6749737,4294788.6,LOW,Tamil Nadu,Sivaganga,630001,SALARIED,0.009693,0.25,2020-12-20,CLOSED,156,750-900
LOAN-2024-00458,PERSONAL,1419133,0.0,LOW,Maharashtra,Dhule,425001,SALARIED,0.023994,0.65,2020-03-24,ACTIVE,48,750-900
LOAN-2024-00459,HOME,6781705,4677072.7,MEDIUM,Tamil Nadu,Chennai,600028,SALARIED,0.030428,0.25,2021-12-30,ACTIVE,144,650-749
LOAN-2024-00460,AUTO,1101131,219396.16,MEDIUM,Tamil Nadu,Sivaganga,630001,SALARIED,0.039526,0.4,2021-04-08,ACTIVE,60,650-749
LOAN-2024-00461,EDUCATION,3076925,2611683.1,HIGH,Gujarat,Vadodara,390001,SALARIED,0.073101,0.55,2024-05-26,ACTIVE,96,550-649
LOAN-2024-00462,AUTO,1048925,508336.19,MEDIUM,Maharashtra,Thane,421001,SALARIED,0.04444,0.4,2023-08-16,ACTIVE,36,650-749
LOAN-2024-00463,HOME,5437008,5092337.77,LOW,Uttar Pradesh,Allahabad,211001,SALARIED,0.017423,0.25,2024-12-20,ACTIVE,192,750-900
LOAN-2024-00464,PERSONAL,2500000,100040.42,LOW,Delhi,Mayur Vihar,110092,SALARIED,0.019154,0.65,2023-03-16,ACTIVE,24,750-900
LOAN-2024-00465,PERSONAL,2500000,0.0,LOW,Kerala,Ernakulam,682001,SELF_EMPLOYED,0.023957,0.65,2020-01-21,ACTIVE,36,750-900
LOAN-2024-00466,HOME,3430703,2598373.69,LOW,Gujarat,Vadodara,390001,SALARIED,0.011587,0.25,2021-12-03,ACTIVE,240,750-900
LOAN-2024-00467,PERSONAL,2325368,0.0,MEDIUM,Maharashtra,Mumbai,400051,SALARIED,0.056266,0.65,2020-02-18,NPA,48,650-749
LOAN-2024-00468,EDUCATION,2270068,1279213.51,MEDIUM,West Bengal,Burdwan,713101,SALARIED,0.055012,0.55,2021-10-17,ACTIVE,120,650-749
LOAN-2024-00469,PERSONAL,2064318,844278.6,HIGH,Delhi,Rohini,110085,SALARIED,0.093723,0.65,2023-05-25,ACTIVE,36,550-649
LOAN-2024-00470,AUTO,473282,335014.25,LOW,Maharashtra,Navi Mumbai,400101,SALARIED,0.013761,0.4,2023-06-26,ACTIVE,84,750-900
LOAN-2024-00471,PERSONAL,624527,99202.58,MEDIUM,Gujarat,Surat,395001,SALARIED,0.030875,0.65,2021-02-15,ACTIVE,60,650-749
LOAN-2024-00472,EDUCATION,1400210,1040623.63,MEDIUM,Karnataka,Bangalore,560068,SALARIED,0.057203,0.55,2023-05-29,ACTIVE,96,650-749
LOAN-2024-00473,HOME,4314795,2598834.99,LOW,Maharashtra,Aurangabad,431001,SELF_EMPLOYED,0.014034,0.25,2020-11-09,ACTIVE,144,750-900
LOAN-2024-00474,PERSONAL,1588865,0.0,HIGH,Maharashtra,Pune,411014,SALARIED,0.175797,0.65,2021-09-19,ACTIVE,36,550-649
LOAN-2024-00475,PERSONAL,2267804,1491863.93,MEDIUM,Karnataka,Shimoga,577001,SALARIED,0.078804,0.65,2024-02-16,ACTIVE,36,650-749
LOAN-2024-00476,PERSONAL,2500000,389743.07,LOW,Maharashtra,Aurangabad,431001,SALARIED,0.01692,0.65,2021-01-28,CLOSED,60,750-900
LOAN-2024-00477,EDUCATION,5000000,1533789.84,LOW,West Bengal,Kolkata,700106,SALARIED,0.02314,0.55,2021-03-30,ACTIVE,72,750-900
LOAN-2024-00478,PERSONAL,563780,0.0,LOW,Tamil Nadu,Coimbatore,641001,SALARIED,0.019325,0.65,2021-08-17,ACTIVE,12,750-900
LOAN-2024-00479,HOME,1357959,1160958.16,MEDIUM,Maharashtra,Pune,411014,SALARIED,0.046233,0.25,2024-04-06,ACTIVE,300,650-749
LOAN-2024-00480,HOME,10479207,8365144.51,LOW,Maharashtra,Dhule,425001,SALARIED,0.010126,0.25,2021-05-28,ACTIVE,276,750-900
LOAN-2024-00481,EDUCATION,2625237,1955135.6,VERY_HIGH,Gujarat,Vadodara,390001,SELF_EMPLOYED,0.231983,0.55,2023-11-15,ACTIVE,96,300-549
LOAN-2024-00482,AUTO,1080061,905962.24,LOW,Delhi,Rohini,110085,SALARIED,0.022514,0.4,2024-05-16,ACTIVE,60,750-900
LOAN-2024-00483,PERSONAL,646273,0.0,LOW,Gujarat,Rajkot,360001,SALARIED,0.02235,0.65,2021-09-17,ACTIVE,36,750-900
LOAN-2024-00484,HOME,5871762,3396195.32,HIGH,Karnataka,Bangalore,560038,SALARIED,0.127581,0.25,2021-06-03,ACTIVE,120,550-649
LOAN-2024-00485,HOME,2389742,1575492.11,VERY_HIGH,Kerala,Thiruvananthapuram,695001,SALARIED,0.171067,0.25,2020-03-02,ACTIVE,216,300-549
LOAN-2024-00486,PERSONAL,253889,0.0,HIGH,Maharashtra,Kalyan,421201,SALARIED,0.158651,0.65,2020-12-17,ACTIVE,48,550-649
LOAN-2024-00487,AUTO,725410,258475.82,MEDIUM,Rajasthan,Kota,324001,SALARIED,0.049066,0.4,2021-01-31,ACTIVE,84,650-749
LOAN-2024-00488,PERSONAL,2500000,0.0,LOW,Delhi,New Delhi,110001,SELF_EMPLOYED,0.011397,0.65,2020-04-09,ACTIVE,24,750-900
LOAN-2024-00489,PERSONAL,2500000,0.0,LOW,Karnataka,Mysore,570001,SALARIED,0.026735,0.65,2020-10-07,ACTIVE,36,750-900
LOAN-2024-00490,HOME,4320228,3090824.99,MEDIUM,Kerala,Thiruvananthapuram,695011,SALARIED,0.025821,0.25,2020-08-16,ACTIVE,216,650-749
LOAN-2024-00491,PERSONAL,944127,750503.34,MEDIUM,Karnataka,Mangalore,575001,SALARIED,0.031458,0.65,2024-06-30,ACTIVE,60,650-749
LOAN-2024-00492,HOME,6263742,4716953.15,MEDIUM,Delhi,New Delhi,110001,SALARIED,0.056178,0.25,2020-04-15,ACTIVE,276,650-749
LOAN-2024-00493,AUTO,1388678,934506.38,LOW,Delhi,Mayur Vihar,110092,SALARIED,0.017631,0.4,2023-07-25,ACTIVE,60,750-900
LOAN-2024-00494,HOME,2154598,1802900.09,HIGH,Delhi,New Delhi,110051,SELF_EMPLOYED,0.125351,0.25,2023-04-24,ACTIVE,264,550-649
LOAN-2024-00495,HOME,5368575,3505913.01,VERY_HIGH,Gujarat,Ahmedabad,380001,SALARIED,0.159455,0.25,2021-08-28,CLOSED,144,300-549
LOAN-2024-00496,HOME,2718146,2280758.08,LOW,Maharashtra,Aurangabad,431001,SALARIED,0.01994,0.25,2023-04-12,ACTIVE,156,750-900
LOAN-2024-00497,HOME,5866847,4301955.71,LOW,Uttar Pradesh,Lucknow,226021,SALARIED,0.015204,0.25,2023-06-09,ACTIVE,132,750-900
LOAN-2024-00498,PERSONAL,1418765,0.0,MEDIUM,Maharashtra,Navi Mumbai,400101,SALARIED,0.050018,0.65,2023-10-17,ACTIVE,12,650-749
LOAN-2024-00499,HOME,27599350,22065580.33,LOW,Gujarat,Vadodara,390001,SALARIED,0.017077,0.25,2023-03-27,NPA,276,750-900
LOAN-2024-00500,HOME,6122137,5263103.72,MEDIUM,Delhi,New Delhi,110001,SALARIED,0.025722,0.25,2023-02-27,ACTIVE,240,650-749
